[{
    "id": "001",
    "img": "assets/images/user/user1.jpg",
    "rNo": "21",
    "name": "Rajesh",
    "fromDate": "2018-02-25T14:22:18Z",
    "toDate": "2018-02-25T14:22:18Z",
    "status": "approve",
    "reason": "Lorem Ipsum is simply dummy text of the printing and typesetting industry."
  },
  {
    "id": "002",
    "img": "assets/images/user/user2.jpg",
    "rNo": "32",
    "name": "Pooja Patel",
    "fromDate": "2018-02-17T14:22:18Z",
    "toDate": "2018-02-25T14:22:18Z",
    "status": "reject",
    "reason": "Lorem Ipsum is simply dummy text of the printing and typesetting industry."
  },
  {
    "id": "003",
    "img": "assets/images/user/user3.jpg",
    "rNo": "12",
    "name": "Sarah Smith",
    "fromDate": "2018-02-13T14:22:18Z",
    "toDate": "2018-02-25T14:22:18Z",
    "status": "approve",
    "reason": "It is a long established fact that a reader will be distracted by the readable content "
  },
  {
    "id": "004",
    "img": "assets/images/user/user4.jpg",
    "rNo": "25",
    "name": "Jay Soni",
    "fromDate": "2018-02-01T14:22:18Z",
    "toDate": "2018-02-25T14:22:18Z",
    "status": "pending",
    "reason": "Contrary to popular belief, Lorem Ipsum is not simply random text"
  },
  {
    "id": "005",
    "img": "assets/images/user/user5.jpg",
    "rNo": "13",
    "name": "Pooja Patel",
    "fromDate": "2018-02-02T14:22:18Z",
    "toDate": "2018-02-25T14:22:18Z",
    "status": "pending",
    "reason": "it to make a type specimen book. It has survived not only five centuries,"
  },
  {
    "id": "006",
    "img": "assets/images/user/user6.jpg",
    "rNo": "17",
    "name": "Jamie Blair",
    "fromDate": "2018-02-26T14:22:18Z",
    "toDate": "2018-02-25T14:22:18Z",
    "status": "approve",
    "reason": "There are many variations of passages of Lorem Ipsum available,"
  },
  {
    "id": "007",
    "img": "assets/images/user/user7.jpg",
    "rNo": "65",
    "name": "Jay Soni",
    "fromDate": "2018-02-22T14:22:18Z",
    "toDate": "2018-02-25T14:22:18Z",
    "status": "reject",
    "reason": "Many desktop publishing packages and web page editors now"
  },
  {
    "id": "008",
    "img": "assets/images/user/user8.jpg",
    "rNo": "42",
    "name": "Pooja Patel",
    "fromDate": "2018-02-19T14:22:18Z",
    "toDate": "2018-02-25T14:22:18Z",
    "status": "pending",
    "reason": "Contrary to popular belief, Lorem Ipsum is not simply random text"
  },
  {
    "id": "009",
    "img": "assets/images/user/user9.jpg",
    "rNo": "41",
    "name": "Jamie Blair",
    "fromDate": "2018-02-15T14:22:18Z",
    "toDate": "2018-02-25T14:22:18Z",
    "status": "approve",
    "reason": "it to make a type specimen book. It has survived not only five centuries,"
  },
  {
    "id": "010",
    "img": "assets/images/user/user10.jpg",
    "rNo": "27",
    "name": "Jamie Blair",
    "fromDate": "2018-02-27T14:22:18Z",
    "toDate": "2018-02-25T14:22:18Z",
    "status": "approve",
    "reason": "Many desktop publishing packages and web page editors now"
  },
  {
    "id": "011",
    "img": "assets/images/user/user1.jpg",
    "rNo": "32",
    "name": "Sarah Smith",
    "fromDate": "2018-02-21T14:22:18Z",
    "toDate": "2018-02-25T14:22:18Z",
    "status": "reject",
    "reason": "There are many variations of passages of Lorem Ipsum available,"
  },
  {
    "id": "012",
    "img": "assets/images/user/user1.jpg",
    "rNo": "38",
    "name": "Pooja Patel",
    "fromDate": "2018-02-10T14:22:18Z",
    "toDate": "2018-02-25T14:22:18Z",
    "status": "pending",
    "reason": "Contrary to popular belief, Lorem Ipsum is not simply random text"
  },
  {
    "id": "013",
    "img": "assets/images/user/user2.jpg",
    "rNo": "44",
    "name": "Pooja Patel",
    "fromDate": "2018-02-11T14:22:18Z",
    "toDate": "2018-02-25T14:22:18Z",
    "status": "approve",
    "reason": "Lorem Ipsum is simply dummy text of the printing and typesetting industry."
  },
  {
    "id": "014",
    "img": "assets/images/user/user3.jpg",
    "rNo": "52",
    "name": "Pankaj Singh",
    "fromDate": "2018-02-16T14:22:18Z",
    "toDate": "2018-02-25T14:22:18Z",
    "status": "reject",
    "reason": "It is a long established fact that a reader will be distracted by the readable content "
  }
]
