[{
    "id": "001",
    "sName": "Mathematics",
    "class": "R305 A",
    "date": "2019-02-17T14:22:18Z",
    "time": "10:30",
    "status": "Confirm"
  },
  {
    "id": "002",
    "sName": "Chemistry",
    "class": "R305 A",
    "date": "2019-02-19T14:22:18Z",
    "time": "10:30",
    "status": "Cancelled"
  },
  {
    "id": "003",
    "sName": "Physics",
    "class": "R452 B",
    "date": "2019-02-22T14:22:18Z",
    "time": "10:30",
    "status": "Cancelled"
  },
  {
    "id": "004",
    "sName": "Biology",
    "class": "R201 C",
    "date": "2019-02-23T14:22:18Z",
    "time": "10:30",
    "status": "Confirm"
  },
  {
    "id": "005",
    "sName": "Mathematics",
    "class": "R103 F",
    "date": "2019-02-24T14:22:18Z",
    "time": "10:30",
    "status": "Confirm"
  },
  {
    "id": "006",
    "sName": "Chemistry",
    "class": "R305 A",
    "date": "2019-02-25T14:22:18Z",
    "time": "10:30",
    "status": "Confirm"
  },
  {
    "id": "007",
    "sName": "Physics",
    "class": "R503 F",
    "date": "2019-02-26T14:22:18Z",
    "time": "10:30",
    "status": "Cancelled"
  },
  {
    "id": "008",
    "sName": "Biology",
    "class": "R305 A",
    "date": "2019-02-17T14:22:18Z",
    "time": "10:30",
    "status": "Confirm"
  },
  {
    "id": "009",
    "sName": "Chemistry",
    "class": "R201 C",
    "date": "2019-02-22T14:22:18Z",
    "time": "10:30",
    "status": "Confirm"
  }
]
